model_name,accuracy,precision,recall,f1_score,balanced_accuracy,roc_auc
Random Forest,0.9812639821029083,1.0,0.6127167630057804,0.7598566308243727,0.8063583815028902,0.9841486345777868
Logistic Regression,0.9720357941834452,0.9866666666666667,0.4277456647398844,0.5967741935483871,0.713725903189807,0.9849282934642842
Multinomial Naive Bayes,0.9681208053691275,0.9154929577464789,0.37572254335260113,0.5327868852459017,0.6869796965954895,0.9452149497468232
